{
  "experiment": {
    "observation_seeds": [
      131,
      197,
      263
    ],
    "change_threshold": 5.0,
    "covariance_inflation": 12.0,
    "change_persistence": 1,
    "change_cooldown_steps": 20,
    "fault_onset_steps": {
      "ground_rover_1": 12,
      "ground_rover_2": 16,
      "surface_vessel": 14,
      "underwater_rov": 8
    }
  },
  "summary": {
    "controllers": {
      "Fixed-covariance RLS": {
        "trials": 3,
        "mean_post_onset_rmse": 0.17110285650885762,
        "mean_final_rmse": 0.14424089726378342,
        "mean_sustained_completion_cost": 161.66666666666666,
        "fallback_free_rate": 1.0,
        "completion_rate": 1.0,
        "safety_rate": 1.0,
        "mean_change_detections": 0.0
      },
      "Innovation-adaptive RLS": {
        "trials": 3,
        "mean_post_onset_rmse": 0.13706486701216528,
        "mean_final_rmse": 0.10742908319327511,
        "mean_sustained_completion_cost": 154.66666666666666,
        "fallback_free_rate": 1.0,
        "completion_rate": 1.0,
        "safety_rate": 1.0,
        "mean_change_detections": 5.333333333333333
      }
    },
    "paired_adaptive_vs_fixed": {
      "trials": 3,
      "adaptive_wins": 3,
      "mean_rmse_reduction": 0.03403798949669234,
      "mean_relative_rmse_reduction": 0.19919977817293044,
      "mean_final_rmse_reduction": 0.036811814070508285,
      "mean_relative_final_rmse_reduction": 0.2575381819907383,
      "mean_completion_cost_delta": -7.0
    }
  },
  "trials": [
    {
      "seed": 131,
      "controller": "Fixed-covariance RLS",
      "fault_onset_steps": {
        "ground_rover_1": 12,
        "ground_rover_2": 16,
        "surface_vessel": 14,
        "underwater_rov": 8
      },
      "tracking_rmse_history": [
        0.0,
        0.07541679632837962,
        0.06396212959416014,
        0.05230767374091684,
        0.07613464706183841,
        0.08542745846906742,
        0.08545809204823729,
        0.08309462164654342,
        0.21227195672949037,
        0.20421892012879544,
        0.2018297191382762,
        0.1998947297001342,
        0.22321854101801988,
        0.21937631279309347,
        0.23971759088203393,
        0.23615763240713847,
        0.2518921224265462,
        0.2390280379551812,
        0.23441552281008773,
        0.22988937534160683,
        0.22448159941561718,
        0.219457105380068,
        0.21365520209193747,
        0.20690546870482202,
        0.1997526757924351,
        0.19473211545056032,
        0.1917215476287565,
        0.18915628996303338,
        0.18749724379925278,
        0.18582092147206763,
        0.18380255445766028,
        0.18215030772573354,
        0.18089092634343948,
        0.18006267282611432,
        0.1788012790536597,
        0.17801955282306653,
        0.1764734291280818,
        0.17536197254751185,
        0.17279630793895318,
        0.17236758499398547,
        0.17136032057454645,
        0.17066293427805002,
        0.16997071806693015,
        0.16974053688950833,
        0.16925401750115676,
        0.16884982415656197,
        0.16857418370522723,
        0.1674935863040293,
        0.16738079926981483,
        0.16723632112542083,
        0.1666751799671254,
        0.16653373376081035,
        0.1653076211156483,
        0.16537011442858782,
        0.16493107872778906,
        0.16445035998876184,
        0.16347844245144716,
        0.16271610368403464,
        0.16230014586760189,
        0.16156475364858075,
        0.1604454199868258,
        0.15925711685372287,
        0.15918828616776487,
        0.15755423351455541,
        0.1567816299752697,
        0.1564103919619222,
        0.15645122877322548,
        0.1558820248926648,
        0.15486421178329632,
        0.1545741919729177,
        0.1538819325018257,
        0.15407904394533306
      ],
      "platform_post_fault_rmse": {
        "ground_rover_1": 0.08712125650042407,
        "ground_rover_2": 0.11019898827947307,
        "surface_vessel": 0.06403433546437508,
        "underwater_rov": 0.22599377284662894
      },
      "post_onset_rmse": 0.18279746416731432,
      "final_effectiveness_rmse": 0.15407904394533306,
      "change_steps_by_agent": {
        "ground_rover_1": [],
        "ground_rover_2": [],
        "surface_vessel": [],
        "underwater_rov": []
      },
      "all_goals_reached": true,
      "pairwise_violation_count": 0,
      "max_collision_slack": 1.007938277463875e-24,
      "solver_fallbacks": 0,
      "sustained_completion_cost": 164
    },
    {
      "seed": 131,
      "controller": "Innovation-adaptive RLS",
      "fault_onset_steps": {
        "ground_rover_1": 12,
        "ground_rover_2": 16,
        "surface_vessel": 14,
        "underwater_rov": 8
      },
      "tracking_rmse_history": [
        0.0,
        0.07541679632837962,
        0.06396212959416014,
        0.05230767374091684,
        0.07613464706183841,
        0.08542745846906742,
        0.08545809204823729,
        0.08309462164654342,
        0.20399646702088783,
        0.19660823077038506,
        0.19516613855416035,
        0.19362992587277003,
        0.2172344662762681,
        0.1983976927603245,
        0.2132986122486067,
        0.20917991467558608,
        0.22952947570189727,
        0.20237153223209195,
        0.19212192540663203,
        0.18841698997710823,
        0.18543435623001822,
        0.1822584064394437,
        0.1789309439920358,
        0.17307687367836477,
        0.16707952160847667,
        0.1629716913253736,
        0.16124165453287168,
        0.16012510531408544,
        0.16166899497302567,
        0.1533091528974561,
        0.14577703675199505,
        0.14320728255495163,
        0.14263516177463637,
        0.13951667660325484,
        0.1342191149445714,
        0.1307282583096352,
        0.1295809292299459,
        0.12886684051041639,
        0.12658659519654122,
        0.1267167852944819,
        0.12627652468175118,
        0.12627112676907767,
        0.12612382542377934,
        0.12561140351700564,
        0.12553954996574845,
        0.12502824651517905,
        0.12460031442247306,
        0.12456988748386236,
        0.123975497557941,
        0.12390501291257863,
        0.12473079895375072,
        0.12451035107304517,
        0.12464464549670191,
        0.12488410654209424,
        0.12425416848498268,
        0.12403723993938973,
        0.12447986869268245,
        0.12483652164468774,
        0.1252443710589735,
        0.12527951070292487,
        0.12478206945908019,
        0.12472479507922832,
        0.12480456411319846,
        0.12586800347398724,
        0.12582802356949824,
        0.12591035806374556,
        0.12664192347081804,
        0.12565694013946613,
        0.12487882304764993,
        0.12496771644266254,
        0.1241006782373954,
        0.12488734705065736
      ],
      "platform_post_fault_rmse": {
        "ground_rover_1": 0.024423505283540137,
        "ground_rover_2": 0.027356226301291958,
        "surface_vessel": 0.06467010608599687,
        "underwater_rov": 0.18948119879069347
      },
      "post_onset_rmse": 0.14805839011944244,
      "final_effectiveness_rmse": 0.12488734705065736,
      "change_steps_by_agent": {
        "ground_rover_1": [
          13
        ],
        "ground_rover_2": [
          17
        ],
        "surface_vessel": [
          58
        ],
        "underwater_rov": [
          8,
          28
        ]
      },
      "all_goals_reached": true,
      "pairwise_violation_count": 0,
      "max_collision_slack": 1.0062466773449759e-24,
      "solver_fallbacks": 0,
      "sustained_completion_cost": 154
    },
    {
      "seed": 197,
      "controller": "Fixed-covariance RLS",
      "fault_onset_steps": {
        "ground_rover_1": 12,
        "ground_rover_2": 16,
        "surface_vessel": 14,
        "underwater_rov": 8
      },